Guideline,Study#,DOI,Title,Author,Year,Country,Sample_Size,Male_%,Female_%,White_%,Black_%,Hispanic_%,Asian_%,Other_%,Race_Cats,Has_Sex,Has_Any_Race,Has_All_5_Race,Design,Quality_Score,Data_Source
AASLD HCC 2023,1,10.1016/j.cgh.2020.12.029,Racial and Ethnic Disparities in Survival Among Patients With Hepatocellular Carcinoma in the United States: A Systematic Review and Meta-Analysis,Nicole E. Rich; Christian Carr; Adam C. Yopp; Jorge A. Marrero; Amit G. Singal,2022,CAN,563097,,,53.0,17.3,18.4,5.0,,4,0,1,0,Review / Meta-analysis,80.0,PMC Full-text
AASLD HCC 2023,2,10.1002/hep.32434,Risk Factors for Hepatocellular Cancer in Contemporary Cohorts of Patients with Cirrhosis,Fasiha Kanwal; Saira Khaderi; Amit G. Singal; Jorge A. Marrero; Nicole Loo,2023,USA,2733,1.61,1.0,1.0,0.94,0.98,,,3,1,1,0,Cohort,100.0,PMC Full-text
AASLD HCC 2023,3,10.1053/j.gastro.2016.05.048,Long-term Effects of Hepatitis B Immunization of Infants in Preventing Liver Cancer.,Mei-Hwei Chang; San-Lin You; Chien-Jen Chen; Chun-Jen Liu; Ming-Wei Lai,2016,ITA,1509,,,,,,,,0,0,0,0,Other,50.0,PubMed Abstract
AASLD HCC 2023,4,10.1016/S2468-1253(16)30161-3,"Characteristics, management, and outcomes of patients with hepatocellular carcinoma in Africa: a multicountry observational study from the Africa Liver Cancer Consortium.",Ju Dong Yang; Essa A Mohamed; Ashraf O Abdel Aziz; Hend I Shousha; Mohamed B Hashem,2017,USA,1251,,,,,,,,0,0,0,0,Observational,50.0,PubMed Abstract
AASLD HCC 2023,5,10.1002/cncr.30246,Impact of country of birth on age at the time of diagnosis of hepatocellular carcinoma in the United States,Ju Dong Yang; Sean F. Altekruse; Mindie H. Nguyen; Gregory J. Gores; Lewis R. Roberts,2017,USA,59907,,,,1.84,1.69,,,2,0,1,0,Other,80.0,PMC Full-text
AASLD HCC 2023,6,10.1053/j.gastro.2019.12.053,AGA Clinical Practice Update on Screening and Surveillance for Hepatocellular Carcinoma in Patients With Nonalcoholic Fatty Liver Disease: Expert Review,Rohit Loomba; Joseph K. Lim; Heather Patton; Hashem B. El-Serag,2020,COL,1459417,,,,,,,,0,0,0,0,Review / Meta-analysis,50.0,PubMed Abstract
AASLD HCC 2023,7,10.1053/j.gastro.2018.08.024,Risk of Hepatocellular Cancer in Patients With Non-Alcoholic Fatty Liver Disease,Fasiha Kanwal; Jennifer R. Kramer; Srikar Mapakshi; Yamini Natarajan; Maneerat Chayanupatkul,2018,COL,593414,94.4,,0.39,32.0,18.0,,,3,0,1,0,Other,80.0,PMC Full-text
AASLD HCC 2023,8,10.1016/S1470-2045(22)00078-X,"Clinical characteristics, surveillance, treatment allocation, and outcomes of non-alcoholic fatty liver disease-related hepatocellular carcinoma: a systematic review and meta-analysis",Darren Jun Hao Tan; Cheng Han Ng; Snow Yunni Lin; Xin Hui Pan; Phoebe Tay,2022,USA,94636,,,,,,,,0,0,0,0,Review / Meta-analysis,50.0,PubMed Abstract
AASLD HCC 2023,9,10.1038/s41416-018-0007-z,"Tobacco, alcohol use and risk of hepatocellular carcinoma and intrahepatic cholangiocarcinoma: The Liver Cancer Pooling Project",Jessica L. Petrick; Peter T. Campbell; Jill Koshiol; Jake E. Thistle; Gabriella Andreotti,2018,USA,1518741,39.8,60.2,88.6,6.0,,33.0,,3,1,1,0,Other,100.0,PMC Full-text
AASLD HCC 2023,10,10.1158/1940-6207.CAPR-20-0549,"Adiposity, Adulthood Weight Change, and Risk of Incident Hepatocellular Carcinoma",Tracey G. Simon; Mi Na Kim; Xiao Luo; Xing Liu; Wanshui Yang,2021,ITA,92199,,,96.2,,,,,1,0,1,0,Other,80.0,PMC Full-text
AASLD HCC 2023,11,10.1016/j.dld.2021.12.002,"Association of metabolic health phenotypes, obesity, and hepatocellular carcinoma risk",Duaa S. Nasereldin; Launia J. White; David O. Hodge; Lewis R. Roberts; Tushar Patel,2022,USA,1434,54.6,45.4,87.4,60.0,62.0,52.0,,4,1,1,0,Other,100.0,PMC Full-text
AASLD HCC 2023,12,10.1038/s41598-022-09583-1,Perceptions of weight status and energy balance behaviors among patients with non-alcoholic fatty liver disease,Natalia I. Heredia; Ruchi Gaba; Yan Liu; Shilpa Jain; Manasi Rungta,2022,USA,20,76.0,0.59,,,1.21,,,1,1,1,0,Other,100.0,PMC Full-text
AASLD HCC 2023,13,10.1016/j.jhep.2019.05.008,Models estimating risk of hepatocellular carcinoma in patients with alcohol or NAFLD-related cirrhosis for risk stratification,George N. Ioannou; Pamela Green; Kathleen F. Kerr; Kristin Berry,2019,United States,23243,97.9,0.6,76.4,11.1,8.4,,,3,1,1,0,Other,100.0,PMC Full-text
AASLD HCC 2023,14,10.1016/j.jhep.2018.07.024,Development of models estimating the risk of hepatocellular carcinoma after antiviral treatment for hepatitis C,George N. Ioannou; Pamela K. Green; Lauren A. Beste; Elijah J. Mun; Kathleen F. Kerr,2018,United States,45810,97.5,0.16,1.0,0.9,1.02,,,3,1,1,0,Other,100.0,PMC Full-text
AASLD HCC 2023,15,10.1053/j.gastro.2017.06.012,Risk of Hepatocellular Cancer in HCV Patients Treated With Direct-Acting Antiviral Agents.,Fasiha Kanwal; Jennifer Kramer; Steven M. Asch; Maneerat Chayanupatkul; Yumei Cao,2017,COL,22500,,,,,,,,0,0,0,0,Other,50.0,PubMed Abstract
AASLD HCC 2023,16,10.1056/NEJMoa1912035,Association of Aspirin with Hepatocellular Carcinoma and Liver-Related Mortality,Tracey G. Simon; Ann-Sofi Duberg; Soo Aleman; Raymond T. Chung; Andrew T. Chan,2020,ITA,50275,,35.9,,,,,,0,0,0,0,Other,50.0,PubMed Abstract
AASLD HCC 2023,17,10.3390/cancers12030671,Statin Use and the Risk of Hepatocellular Carcinoma: A Meta-Analysis of Observational Studies,Md. Mohaimenul Islam; Tahmina Nasrin Poly; Bruno Andreas Walther; Hsuan-Chia Yang; Yu-Chuan (Jack) Li,2020,CHN,5640313,,,,,,,,0,0,0,0,Observational,50.0,PubMed Abstract
AASLD HCC 2023,18,10.3350/cmh.2021.0366,Statin and aspirin for chemoprevention of hepatocellular carcinoma: Time to use or wait further?,Myung Ji Goh; Dong Hyun Sinn,2022,KOR,2389019,,,,,,,,0,0,0,0,Other,50.0,PubMed Abstract
AASLD HCC 2023,19,10.7326/M18-2753,Lipophilic Statins and Risk for Hepatocellular Carcinoma and Death in Patients With Chronic Viral Hepatitis: Results From a Nationwide Swedish Population,Tracey G. Simon; Ann-Sofi Duberg; Soo Aleman; Hannes Hagstrom; Long H. Nguyen,2019,ITA,16668,,34.8,,,,,,0,0,0,0,Other,50.0,PubMed Abstract
AASLD HCC 2023,20,10.1016/j.cld.2020.06.002,Lifestyle and Environmental Approaches for the Primary Prevention of Hepatocellular Carcinoma,Tracey G. Simon; Andrew T. Chan,2020,ITA,550000,,,,,,,,0,0,0,0,Other,50.0,PubMed Abstract
AASLD HCC 2023,21,10.1016/j.cgh.2019.07.060,Contemporary Epidemiology of Chronic Liver Disease and Cirrhosis,Andrew M. Moon; Amit G. Singal; Elliot B. Tapper,2020,NOR,119,,,,,,,,0,0,0,0,Other,50.0,PubMed Abstract
AASLD HCC 2023,22,10.1053/j.gastro.2020.03.049,Risk Factors for Cirrhosis in Contemporary Hepatology Practices—Findings From the Texas Hepatocellular Carcinoma Consortium Cohort,Hashem B. El-Serag; Fasiha Kanwal; Ziding Feng; Jorge A. Marrero; Saira Khaderi,2020,USA,1717,,,,21.7,25.9,1.4,,3,0,1,0,Cohort,80.0,PMC Full-text
AASLD HCC 2023,23,10.14309/ajg.0000000000000715,Cost-Effectiveness of Hepatocellular Carcinoma Surveillance: An Assessment of Benefits and Harms,Neehar D. Parikh; Amit G. Singal; David W. Hutton; Elliot B. Tapper,2020,United States,1000000,,,,,,,,0,0,0,0,Other,50.0,PubMed Abstract
AASLD HCC 2023,24,10.1053/j.gastro.2019.07.033,Increased Risk for Hepatocellular Carcinoma Persists Up to 10 Years After HCV Eradication in Patients With Baseline Cirrhosis or High FIB-4 Scores,George N. Ioannou; Lauren A. Beste; Pamela K. Green; Amit G. Singal; Elliot B. Tapper,2019,usa,48135,97.6,,67.0,36.7,9.9,,,3,0,1,0,Other,80.0,PMC Full-text
AASLD HCC 2023,25,10.1007/s00432-004-0552-0,Randomized controlled trial of screening for hepatocellular carcinoma.,Bo-Heng Zhang; Bing-Hui Yang; Zhao-You Tang,2004,ITA,18816,,,,,,,,0,0,0,0,RCT / Clinical Trial,50.0,PubMed Abstract
AASLD HCC 2023,26,10.1016/j.jhep.2022.01.023,"HCC Surveillance Improves Early Detection, Curative Treatment Receipt, and Survival in Patients with Cirrhosis: A Systematic Review and Meta-Analysis",Amit G. Singal; Emily Zhang; Manasa Narasimman; Nicole E. Rich; Akbar K. Waljee,2022,CAN,145396,,,,,,,,0,0,0,0,Review / Meta-analysis,50.0,PubMed Abstract
AASLD HCC 2023,27,10.1002/hep.24581,Feasibility of conducting a randomized control trial for liver cancer screening: Is a randomized controlled trial for liver cancer screening feasible or still needed?,Hossein Poustchi; Geoffrey C. Farrell; Simone I. Strasser; Alice U. Lee; Geoffrey W. McCaughan,2010,Unknown,205,,,,,,,,0,0,0,0,RCT / Clinical Trial,40.0,PubMed Abstract
AASLD HCC 2023,28,10.1371/journal.pmed.1001624,"Early Detection, Curative Treatment, and Survival Rates for Hepatocellular Carcinoma Surveillance in Patients with Cirrhosis: A Meta-analysis",Amit G. Singal; Anjana Pillai; Jasmin Tiro,2014,USA,15158,,,,,,,,0,0,0,0,Review / Meta-analysis,50.0,PubMed Abstract
AASLD HCC 2023,29,10.1002/hep.32284,Overdiagnosis of hepatocellular carcinoma: Prevented by guidelines?,Nicole E. Rich; Amit G. Singal,2022,"U.S., United States",18000,,,,,,,,0,0,0,0,Other,50.0,PubMed Abstract
AASLD HCC 2023,30,10.1111/hepr.12672,Length time bias in surveillance for hepatocellular carcinoma and how to avoid it.,Alessandro Cucchetti; Francesca Garuti; Antonio Daniele Pinna; Franco Trevisani,2016,ITA,1000,,,,,,,,0,0,0,0,Other,50.0,PubMed Abstract
AASLD HCC 2023,31,10.1038/ajg.2012.449,Detection of Hepatocellular Carcinoma at Advanced Stages Among Patients in the HALT-C Trial: Where Did Surveillance Fail?,Amit G Singal; Mahendra Nehra; Beverley Adams-Huet; Adam C Yopp; Jasmin A Tiro,2013,USA,1005,0.47,,,55.0,49.0,,,2,0,1,0,RCT / Clinical Trial,80.0,PMC Full-text
AASLD HCC 2023,32,10.1016/j.cgh.2021.06.012,Dynamic Changes in Ultrasound Quality for Hepatocellular Carcinoma Screening in Patients With Cirrhosis,Haley Schoenberger; Nicolas Chong; David T. Fetzer; Nicole E. Rich; Takeshi Yokoo,2022,ITA,2053,0.76,,97.0,0.38,0.99,,,3,0,1,0,Other,80.0,PMC Full-text
AASLD HCC 2023,33,10.1002/hep.28895,An assessment of benefits and harms of hepatocellular carcinoma surveillance in patients with cirrhosis.,Omair Atiq; Jasmin Tiro; Adam C. Yopp; Adam Muffler; Jorge A. Marrero,2017,ITA,680,,,,,,,,0,0,0,0,Other,50.0,PubMed Abstract
AASLD HCC 2023,34,10.1111/apt.16779,Association between ultrasound quality and test performance for <scp>HCC</scp> surveillance in patients with cirrhosis: a retrospective cohort study,Nicolas Chong; Haley Schoenberger; Sruthi Yekkaluri; David T. Fetzer; Nicole E. Rich,2022,USA,2052,,,,,,,,0,0,0,0,Cohort,50.0,PubMed Abstract
AASLD HCC 2023,35,10.1053/j.gastro.2018.01.064,Surveillance Imaging and Alpha Fetoprotein for Early Detection of Hepatocellular Carcinoma in Patients With Cirrhosis: A Meta-analysis,Kristina Tzartzeva; Joseph Obi; Nicole E. Rich; Neehar D. Parikh; Jorge A. Marrero,2018,"U.S., USA, United States",13367,,,,,,,,0,0,0,0,Review / Meta-analysis,50.0,PubMed Abstract
AASLD HCC 2023,36,10.1002/hep.30233,Longitudinal Assessment of Three Serum Biomarkers to Detect Very Early-Stage Hepatocellular Carcinoma.,Jonggi Choi; Gi‐Ae Kim; Seungbong Han; Woochang Lee; Sail Chun,2019,KOR,689,,,,,,,,0,0,0,0,Cohort,50.0,PubMed Abstract
AASLD HCC 2023,37,10.1002/hep.32185,GALAD demonstrates high sensitivity for HCC surveillance in a cohort of patients with cirrhosis,Amit G. Singal; Nabihah Tayob; Anand Mehta; Jorge A. Marrero; Hashem El‐Serag,2022,CAN,397,58.6,,7.0,8.0,,4.0,,3,0,1,0,Cohort,80.0,PMC Full-text
AASLD HCC 2023,38,10.1158/1055-9965.EPI-16-0974,Changes in the Glycosylation of Kininogen and the Development of a Kininogen-Based Algorithm for the Early Detection of HCC,Mengjun Wang; Miloslav Sanda; Mary Ann Comunale; Harmin Herrera; Charles Swindell,2017,COL,208,,73.0,,,,,,0,0,0,0,Other,50.0,PubMed Abstract
AASLD HCC 2023,39,10.1158/1055-9965.EPI-20-0005,Biomarkers for the Early Detection of Hepatocellular Carcinoma,Neehar D. Parikh; Anand S. Mehta; Amit G. Singal; Timothy Block; Jorge A. Marrero,2020,COL,6834,,,,,,,,0,0,0,0,Other,50.0,PubMed Abstract
AASLD HCC 2023,40,10.1053/j.gastro.2021.01.233,International Liver Cancer Association (ILCA) White Paper on Biomarker Development for Hepatocellular Carcinoma,Amit G. Singal; Yujin Hoshida; David J. Pinato; Jorge Marrero; Jean-Charles Nault,2021,GBR,11,,,,,,,,0,0,0,0,Other,50.0,PubMed Abstract
AASLD HCC 2023,41,10.1002/hep.1840110321,Plasma des-gamma-carboxyprothrombin in the early stage of hepatocellular carcinoma.,Sun-Lung Tsai; Guan-Tarn Huang; Pei-Ming Yang; Jin-Chuan Sheu; Juei-Low Sung,1990,CHN,39,,,,,,,,0,0,0,0,Other,50.0,PubMed Abstract
AASLD HCC 2023,42,10.1016/j.cgh.2006.12.005,The utility of Lens culinaris agglutinin-reactive alpha-fetoprotein in the diagnosis of hepatocellular carcinoma: evaluation in a United States referral population.,Apinya Leerapun; Sri V. Suravarapu; John P. Bida; Raynell J. Clark; Elizabeth L. Sanders,2007,USA,272,,,,,,,,0,0,0,0,Other,50.0,PubMed Abstract
AASLD HCC 2023,43,10.1053/j.gastro.2009.04.005,"Alpha-fetoprotein, Des-gamma Carboxyprothrombin, and Lectin-Bound Alpha-fetoprotein in Early Hepatocellular Carcinoma",Jorge A. Marrero; Ziding Feng; Yinghui Wang; Mindie H. Nguyen; Alex S. Befeler,2009,CAN,836,,,,,,,,0,0,0,0,Other,50.0,PubMed Abstract
AASLD HCC 2023,44,10.1016/j.cgh.2015.12.042,Role of the GALAD and BALAD-2 Serologic Models in Diagnosis of Hepatocellular Carcinoma and Prediction of Survival in Patients.,Sarah Berhane; Hidenori Toyoda; Toshifumi Tada; Takashi Kumada; Chiaki Kagebayashi,2016,UK,6834,,,,,,,,0,0,0,0,Other,50.0,PubMed Abstract
AASLD HCC 2023,45,10.1002/hep4.1918,A multi-analyte cell-free DNA-based blood test for early detection of hepatocellular carcinoma.,Nan Lin; Yongping Lin; Jianfeng Xu; Dan Liu; Diange Li,2022,ITA,122,,,,,,,,0,0,0,0,Other,50.0,PubMed Abstract
AASLD HCC 2023,46,10.1001/jamaoncol.2016.3147,MRI With Liver-Specific Contrast for Surveillance of Patients With Cirrhosis at High Risk of Hepatocellular Carcinoma.,So Yeon Kim; Jihyun An; Young-Suk Lim; Seungbong Han; Ji-Young Lee,2017,KOR,407,,,,,,,,0,0,0,0,Other,50.0,PubMed Abstract
AASLD HCC 2023,47,10.1007/s00261-019-02133-w,Prevalence and clinical significance of discordant LI-RADS® observations on multiphase contrast-enhanced MRI in patients with cirrhosis.,Takeshi Yokoo; Amit G. Singal; Alberto Diaz de Leon; Lakshmi Ananthakrishnan; David T. Fetzer,2020,USA,93,,,,,,,,0,0,0,0,Other,50.0,PubMed Abstract
AASLD HCC 2023,48,10.1002/hep.31159,Hepatocellular carcinoma demonstrates heterogeneous growth patterns in a multi-center cohort of patients with cirrhosis,Nicole E. Rich; Binu V. John; Neehar D. Parikh; Ian Rowe; Neil Mehta,2020,ITA,176,0.44,,46.0,0.67,3.53,0.38,,4,0,1,0,Cohort,80.0,PMC Full-text
AASLD HCC 2023,49,10.1016/j.jhep.2010.03.010,Semiannual surveillance is superior to annual surveillance for the detection of early hepatocellular carcinoma and patient survival.,Valentina Santi; Franco Trevisani; Annagiulia Gramenzi; Alice Grignaschi; Federica Mirici-Cappa,2010,ITA,649,,,,,,,,0,0,0,0,Other,50.0,PubMed Abstract
AASLD HCC 2023,50,10.1002/hep.24545,Ultrasonographic surveillance of hepatocellular carcinoma in cirrhosis: a randomized trial comparing 3- and 6-month periodicities.,Jean-Claude Trinchet; Cendrine Chaffaut; Valérie Bourcier; Françoise Degos; Jean Henrion,2010,FRA,1278,,,,,,,,0,0,0,0,RCT / Clinical Trial,50.0,PubMed Abstract
AASLD HCC 2023,51,10.1002/hep.31309,Use of Hepatocellular Carcinoma Surveillance in Patients With Cirrhosis: A Systematic Review and Meta‐Analysis,Erin Wolf; Nicole E. Rich; Jorge A. Marrero; Neehar D. Parikh; Amit G. Singal,2021,United States,118799,,,,,,,,0,0,0,0,Review / Meta-analysis,50.0,PubMed Abstract
AASLD HCC 2023,52,10.1016/j.cgh.2020.06.049,Patient-Reported Barriers are Associated with Receipt of Hepatocellular Carcinoma Surveillance in a Multi-Center Cohort of Patients with Cirrhosis,Amit G. Singal; Jasmin A. Tiro; Caitlin C. Murphy; James-Michael Blackwell; Jennifer R. Kramer,2021,ITA,2040,57.9,,18.0,57.0,28.0,,,3,0,1,0,Cohort,80.0,PMC Full-text
AASLD HCC 2023,53,10.1016/j.cgh.2018.07.029,Primary Care Provider Practice Patterns and Barriers to Hepatocellular Carcinoma Surveillance,Okeefe L. Simmons; Yuan Feng; Neehar D. Parikh; Amit G. Singal,2019,United States,200,34.9,,4.0,6.0,5.0,26.0,,4,0,1,0,Other,80.0,PMC Full-text
AASLD HCC 2023,54,10.1016/j.cgh.2021.12.014,Multi-Center Randomized Clinical Trial of a Mailed Outreach Strategy for Hepatocellular Carcinoma Surveillance,Amit G. Singal; Sarah Reddy; Himani Radadiya aka Patel; Deyaun Villarreal; Aisha Khan,2022,ITA,2872,66.4,,36.9,26.7,31.9,,,3,0,1,0,RCT / Clinical Trial,80.0,PMC Full-text
AASLD HCC 2023,55,10.1097/HC9.0000000000000073,Recall patterns and risk of primary liver cancer for subcentimeter ultrasound liver observations: a multicenter study,Amit G. Singal; T. Tara Ghaziani; Neil Mehta; Kali Zhou; Lauren T. Grinspan,2023,USA,746,54.0,,33.8,16.6,20.0,21.8,,4,0,1,0,Other,80.0,PMC Full-text
AASLD HCC 2023,56,10.1016/j.cgh.2013.09.053,Factors That Affect Accuracy of α-Fetoprotein Test in Detection of Hepatocellular Carcinoma in Patients With Cirrhosis,Purva Gopal; Adam C. Yopp; Akbar K. Waljee; Jason Chiang; Mahendra Nehra,2014,CAN,1128,0.001,,,0.001,37.0,,32.0,3,0,1,0,Other,80.0,PMC Full-text
AASLD HCC 2023,57,10.1016/j.cgh.2015.07.049,Improved Detection of Hepatocellular Carcinoma by Using a Longitudinal Alpha-Fetoprotein Screening Algorithm,Nabihah Tayob; Anna S.F. Lok; Kim-Anh Do; Ziding Feng,2016,CAN,88,,,,,,,,0,0,0,0,Cohort,50.0,PubMed Abstract
AASLD HCC 2023,58,10.1002/hep.20728,Characterization of Small Nodules in Cirrhosis by Assessment of Vascularity: The Problem of Hypovascular Hepatocellular Carcinoma *,Luigi Bolondi; Stefano Gaiani; Natascia Celli; Rita Golfieri; Walter Francesco Grigioni,2005,ITA,59,,,,,,,,0,0,0,0,Other,50.0,PubMed Abstract
AASLD HCC 2023,59,10.1148/radiol.14140690,Hepatocellular carcinoma: diagnostic performance of multidetector CT and MR imaging-a systematic review and meta-analysis.,Yoon Jin Lee; Jeong Min Lee; Ji Sung Lee; Hwa Young Lee; Bo Hyun Park,2015,ITA,2489,,,,,,,,0,0,0,0,Review / Meta-analysis,50.0,PubMed Abstract
AASLD HCC 2023,60,10.1016/j.jhep.2017.11.007,"Contrast ultrasound LI-RADS LR-5 identifies hepatocellular carcinoma in cirrhosis in a multicenter restropective study of 1,006 nodules.",Eleonora Terzi; Massimo Iavarone; Maurizio Pompili; Letizia Veronese; Giuseppe Cabibbo,2018,ITA,848,,,,,,,,0,0,0,0,Other,50.0,PubMed Abstract
ADA Diabetes 2025,1,10.1056/NEJMsa2032271,"Trends in Diabetes Treatment and Control in U.S. Adults, 1999–2018",Michael Fang; Dan Wang; Josef Coresh; Elizabeth Selvin,2021,"United States, U.S.",5,0.65,1.0,1.0,1.74,,2.18,,3,1,1,0,Other,100.0,PMC Full-text
ADA Diabetes 2025,2,10.1007/s11606-007-0313-2,Beyond Comorbidity Counts: How Do Comorbidity Type and Severity Influence Diabetes Patients’ Treatment Priorities and Self-Management?,Eve A. Kerr; Michele Heisler; Sarah L. Krein; Mohammed Kabeto; Kenneth M. Langa,2007,USA,1901,,,,,,,,0,0,0,0,Other,50.0,PubMed Abstract
ADA Diabetes 2025,3,10.1007/s11606-010-1507-6,"Language Barriers, Physician-Patient Language Concordance, and Glycemic Control Among Insured Latinos with Diabetes: The Diabetes Study of Northern California (DISTANCE)",Alicia Fernandez; Dean Schillinger; E. Margaret Warton; Nancy Adler; Howard H. Moffet,2011,USA,7248,94.0,,,,,,,0,0,0,0,Other,50.0,PubMed Abstract
ADA Diabetes 2025,4,10.2337/dc21-0507,Trends in Glycemic Control Among Youth and Young Adults With Diabetes: The SEARCH for Diabetes in Youth Study.,Faisal S. Malik; Katherine A. Sauder; Scott Isom; Beth A. Reboussin; Dana Dabelea,2022,COL,6369,,,,,,,,0,0,0,0,Other,50.0,PubMed Abstract
ADA Diabetes 2025,5,10.2337/dc22-0494,Measurement and Validation of the Comprehensive Score for Financial Toxicity (COST) in a Population With Diabetes.,Minal R. Patel; Guanghao Zhang; Michele Heisler; Peter X.K. Song; John D. Piette,2022,USA,600,,,,,,,,0,0,0,0,Other,50.0,PubMed Abstract
ADA Diabetes 2025,6,10.1186/s12875-023-01968-z,Primary care team and its association with quality of care for people with multimorbidity: a systematic review,Mingyue Li; Haoqing Tang; Xiaoyun Liu,2023,CHN,2076,,,,,,,,0,0,0,0,Review / Meta-analysis,50.0,PubMed Abstract
ADA Diabetes 2025,7,10.1001/jamahealthforum.2022.0005,Association of Primary Care Engagement in Value-Based Reform Programs With Health Services Outcomes,Julia Adler-Milstein; Ariel Linden; John M. Hollingsworth; Andrew M. Ryan,2022,FRA,54,43.9,57.1,4.0,10.0,5.3,,,3,1,1,0,Other,100.0,PMC Full-text
ADA Diabetes 2025,8,10.1016/j.amepre.2021.10.023,Effects of a Digital Diabetes Prevention Program: An RCT.,Jeffrey A. Katula; Emily V. Dressler; Carol A. Kittel; Lea N. Harvin; Fabio A. Almeida,2022,NOR,599,61.4,,,,,,,0,0,0,0,RCT / Clinical Trial,50.0,PubMed Abstract
ADA Diabetes 2025,9,10.1001/jamanetworkopen.2023.46305,Patterns of Telemedicine Use and Glycemic Outcomes of Endocrinology Care for Patients With Type 2 Diabetes,Margaret F. Zupa; Varsha G. Vimalananda; Scott D. Rothenberger; Jonathan Y. Lin; Jason M. Ng,2023,usa,1547,42.0,58.0,88.0,77.0,66.0,81.0,,4,1,1,0,Other,100.0,PMC Full-text
ADA Diabetes 2025,10,10.5888/pcd15.170168,Telemedicine in the Management of Type 1 Diabetes,Timothy Xu; Shreya Pujara; Sarah Sutton; Mary Rhee,2018,CHE,2016,,9.4,84.4,15.6,,,,2,0,1,0,Other,80.0,PMC Full-text
ADA Diabetes 2025,11,10.1007/s11606-021-07281-8,Implementation of an Intensive Telehealth Intervention for Rural Patients with Clinic-Refractory Diabetes,Elizabeth A. Kobe; Allison A. Lewinski; Amy S. Jeffreys; Valerie A. Smith; Cynthia J. Coffman,2022,USA,230,95.0,,80.0,,14.0,,,2,0,1,0,Other,80.0,PMC Full-text
ADA Diabetes 2025,12,10.1016/S2589-7500(22)00233-3,"Effectiveness, reach, uptake, and feasibility of digital health interventions for adults with type 2 diabetes: a systematic review and meta-analysis of randomised controlled trials.",George Moschonis; George Siopis; Jenny Jung; Evette Eweka; Ruben Willems,2023,AUS,4546,,,,,,,,0,0,0,0,RCT / Clinical Trial,50.0,PubMed Abstract
ADA Diabetes 2025,13,10.2196/51538,Telemedicine in Improving Glycemic Control Among Children and Adolescents With Type 1 Diabetes Mellitus: Systematic Review and Meta-Analysis,Kun Zhang; Qiyuan Huang; Qiaosong Wang; Chengyang Li; Qirong Zheng,2024,CHN,1704,,,,,,,,0,0,0,0,Review / Meta-analysis,50.0,PubMed Abstract
ADA Diabetes 2025,14,10.2196/42134,Implementation Science Perspectives on Implementing Telemedicine Interventions for Hypertension or Diabetes Management: Scoping Review,Ayisha Khalid; Quanfang Dong; Enkhzaya Chuluunbaatar; Victoria Haldane; Hammad Durrani,2023,CAN,423,,,,,,,40.0,1,0,1,0,Review / Meta-analysis,80.0,PMC Full-text
ADA Diabetes 2025,15,10.2337/cd22-0072,Making Diabetes Electronic Medical Record Data Actionable: Promoting Benchmarking and Population Health Improvement Using the T1D Exchange Quality Improvement Portal,Ann Mungmode; Nudrat Noor; Ruth S. Weinstock; Roberto Izquierdo; Justin A. Indyk,2023,ITA,45000,,,,,,,,0,0,0,0,Other,50.0,PubMed Abstract
ADA Diabetes 2025,16,10.1111/dom.14455,Strategies for overcoming therapeutic inertia in type 2 diabetes: A systematic review and meta-analysis.,Rhea E. Powell; Francesco Zaccardi; Christine Beebe; Xin Mei Chen; Alyssa Crawford,2021,USA,243,,,,,,,,0,0,0,0,Review / Meta-analysis,50.0,PubMed Abstract
ADA Diabetes 2025,17,10.1007/s00592-023-02133-9,The effect of personalized intelligent digital systems for self-care training on type II diabetes: a systematic review and meta-analysis of clinical trials.,Mozhgan Tanhapour; Maryam Peimani; Sharareh Rostam Niakan Kalhori; Ensieh Nasli Esfahani; Hadi Shakibian,2023,DEU,3071,,,,,,,,0,0,0,0,RCT / Clinical Trial,50.0,PubMed Abstract
ADA Diabetes 2025,18,10.1001/jamanetworkopen.2020.35792,"Comparison of Diabetes Medications Used by Adults With Commercial Insurance vs Medicare Advantage, 2016 to 2019",Rozalina G. McCoy; Holly K. Van Houten; Yihong Deng; Pinar Karaca Mandic; Joseph S. Ross,2021,CHE,382,58.3,41.7,85.0,37.0,25.0,3.6,,4,1,1,0,Other,100.0,PMC Full-text
ADA Diabetes 2025,19,10.1016/j.diabres.2023.111026,"Glucagon fill rates and cost among children and adolescents with type 1 diabetes in the United States, 2011–2021",Tyler J. Benning; Herbert C. Heien; Joseph R. Herges; Ana L. Creo; Alaa Al Nofal,2023,CHE,13267,0.94,47.7,76.4,0.83,0.93,1.03,,4,1,1,0,Other,100.0,PMC Full-text
ADA Diabetes 2025,20,10.1016/j.diabres.2023.110720,Gaps in glucagon fills among commercially insured patients receiving a glucagon prescription,Joseph R. Herges; Jordan D. Haag; Kimberly A. Kosloski Tarpenning; Kristin C. Mara; Rozalina G. McCoy,2023,CHE,216,34.0,34.5,67.0,,4.0,2.0,,3,1,1,0,Other,100.0,PMC Full-text
ADA Diabetes 2025,21,10.2337/dc23-1564,Disparities in Continuous Glucose Monitor Use Between Children With Type 1 Diabetes Living in Urban and Rural Areas.,Daniel R. Tilden; Benjamin French; Karishma A. Datye; Sarah S. Jaser,2024,Unknown,2008,,,,,,,,0,0,0,0,Other,40.0,PubMed Abstract
ADA Diabetes 2025,22,10.1001/jamanetworkopen.2021.6139,"Association of Race/Ethnicity, Gender, and Socioeconomic Status With Sodium-Glucose Cotransporter 2 Inhibitor Use Among Patients With Diabetes in the US",Lauren A. Eberly; Lin Yang; Nwamaka D. Eneanya; Utibe Essien; Howard Julien,2021,Unknown,542,48.5,0.82,1.0,1.0,,2.0,,3,1,1,0,Other,90.0,PMC Full-text
ADA Diabetes 2025,23,10.1001/jamahealthforum.2021.4182,"Racial, Ethnic, and Socioeconomic Inequities in Glucagon-Like Peptide-1 Receptor Agonist Use Among Patients With Diabetes in the US",Lauren A. Eberly; Lin Yang; Utibe R. Essien; Nwamaka D. Eneanya; Howard M. Julien,2021,Unknown,292,49.7,1.15,1.0,1.0,1.0,1.0,,4,1,1,0,Other,90.0,PMC Full-text
ADA Diabetes 2025,24,10.1001/jamanetworkopen.2023.16290,Association of Prescription Co-payment With Adherence to Glucagon-Like Peptide-1 Receptor Agonist and Sodium-Glucose Cotransporter-2 Inhibitor Therapies in Patients With Heart Failure and Diabetes,Utibe R. Essien; Balvindar Singh; Gretchen Swabe; Amber E. Johnson; Lauren A. Eberly,2023,POL,7356,37.1,62.9,15.0,23.0,18.8,2.5,,4,1,1,0,Other,100.0,PMC Full-text
ADA Diabetes 2025,25,10.1002/oby.23869,“Use and Continuity of Weight-modifying Medications among Adults with Diabetes and Overweight/Obesity: U.S. population study”,Rodolfo J. Galindo; Tegveer S. Uppal; Rozalina G. McCoy; Guillermo E. Umpierrez; Mohammed K. Ali,2023,ITA,7402,50.0,52.3,64.7,17.7,,5.3,,3,1,1,0,Other,100.0,PMC Full-text
ADA Diabetes 2025,26,10.1001/jamanetworkopen.2022.50602,Evaluation of High-Deductible Health Plans and Acute Glycemic Complications Among Adults With Diabetes,David H. Jiang; Jeph Herrin; Holly K. Van Houten; Rozalina G. McCoy,2023,CHE,752,53.3,46.7,26.0,29.0,26.0,11.0,,4,1,1,0,Other,100.0,PMC Full-text
ADA Diabetes 2025,27,10.1001/jamanetworkopen.2024.3394,Enrollment in High-Deductible Health Plans and Incident Diabetes Complications,Rozalina G. McCoy; Kavya S. Swarna; David H. Jiang; Holly K. Van Houten; Jie Chen,2024,POL,828,1.29,44.3,26.0,29.0,26.0,11.0,,4,1,1,0,Other,100.0,PMC Full-text
ADA Diabetes 2025,28,10.2337/dc21-1885,Association Between High-Deductible Health Plans and Engagement in Routine Medical Care for Type 2 Diabetes in a Privately Insured Population: A Propensity Score-Matched Study.,You M. Wu; Jie Huang; Mary E. Reed,2022,Unknown,6801,,,,,,,,0,0,0,0,Other,40.0,PubMed Abstract
ADA Diabetes 2025,29,10.1001/jamaophthalmol.2018.6909,Estimates of the Percentage of US Adults With Diabetes Who Could Be Screened for Diabetic Retinopathy in Primary Care Settings.,Diane M. Gibson,2019,COL,3229,,,,,,,,0,0,0,0,Other,50.0,PubMed Abstract
ADA Diabetes 2025,30,10.2337/cd23-0060,Increasing Social Determinants of Health Screening Rates Among Six Endocrinology Centers Across the United States: Results From the T1D Exchange Quality Improvement Collaborative,Ori Odugbesan; Trevon Wright; Nana-Hawa Yayah Jones; Selorm Dei-Tutu; Mary Pat Gallagher,2024,ITA,17917,,,,,,,,0,0,0,0,Other,50.0,PubMed Abstract
ADA Diabetes 2025,31,10.2337/dc24-0086,Access to Diabetes Care Should Be a Universal Right for People With Type 1 Diabetes: Lessons Learned From the Norwegian Childhood Diabetes Registry.,Heiko Bratke; Eva Biringer; Anastasia Ushakova; Hanna D. Margeirsdottir; Siv Janne Kummernes,2024,ITA,12640,,46.0,,,,,,0,0,0,0,Other,50.0,PubMed Abstract
ADA Diabetes 2025,32,10.2337/dci20-0053,Metabolic Syndrome and COVID-19 Mortality Among Adult Black Patients in New Orleans,Felicia Hill-Briggs; Nancy E. Adler; Seth A. Berkowitz; Marshall H. Chin; Tiffany L. Gary-Webb,2021,FRA,770000,,,,,,,,0,0,0,0,Other,50.0,PubMed Abstract
ADA Diabetes 2025,33,10.1001/jamanetworkopen.2023.36307,Racial and Ethnic Disparities in Glycemic Control Among Insured US Adults,Nora I. Zakaria; Parisa Tehranifar; Blandine Laferrère; Sandra S. Albrecht,2023,COL,575,49.5,50.5,,,,,,0,1,0,0,Other,70.0,PubMed Abstract
ADA Diabetes 2025,34,10.1377/hlthaff.2022.00236,"Nonmedical Interventions For Type 2 Diabetes: Evidence, Actionable Strategies, And Policy Opportunities",Leonard E. Egede; Rebekah J. Walker; Sebastian Linde; Jennifer A. Campbell; Aprill Z. Dawson,2022,GBR,4498,,,,,,,,0,0,0,0,Other,50.0,PubMed Abstract
ADA Diabetes 2025,35,10.1089/dia.2022.0042,Implicit Racial–Ethnic and Insurance-Mediated Bias to Recommending Diabetes Technology: Insights from T1D Exchange Multicenter Pediatric and Adult Diabetes Provider Cohort,Ori Odugbesan; Ananta Addala; Grace Nelson; Rachel Hopkins; Kristina Cossen,2022,USA,1415,,60.0,51.0,5.0,5.0,,,3,0,1,0,Cohort,80.0,PMC Full-text
ATA Thyroid 2015,1,10.1111/j.1365-2362.2009.02162.x,Very high prevalence of thyroid nodules detected by high frequency (13 MHz) ultrasound examination.,S. Guth; U. Theune; J. Aberle; A. Galach; C. M. Bamberger,2009,DEU,635,33.0,,,,,,,0,0,0,0,Other,50.0,PubMed Abstract
ATA Thyroid 2015,2,10.1530/eje.0.1500133,Advances in diagnostic practices affect thyroid cancer incidence in France.,L Leenhardt; MO Bernier; MH Boin-Pineau; B Conte Devolx; R Marechaud,2004,FRA,471,82.0,,,,,,,0,0,0,0,Other,50.0,PubMed Abstract
ATA Thyroid 2015,3,10.7326/0003-4819-133-9-200011070-00011,Usefulness of ultrasonography in the management of nodular thyroid disease.,Ellen Marqusee; Carol B. Benson; Mary C. Frates; Peter M. Doubilet; P. Reed Larsen,2000,USA,223,,,,,,,,0,0,0,0,Other,50.0,PubMed Abstract
ATA Thyroid 2015,4,10.1089/thy.1998.8.989,Role of ultrasound-guided fine-needle aspiration biopsy in evaluation of nonpalpable thyroid nodules.,PHILIPPE HAGAG; SIMON STRAUSS; MORDECHAI WEISS,1998,ISR,151,,,,,,,,0,0,0,0,Other,50.0,PubMed Abstract
ATA Thyroid 2015,5,10.1677/ERC-08-0080,Familial non-medullary thyroid carcinoma displays the features of clinical anticipation suggestive of a distinct biological entity.,M Capezzone; S Marchisotta; S Cantara; G Busonero; L Brilli,2008,ITA,235,,,,,,,,0,0,0,0,Other,50.0,PubMed Abstract
ATA Thyroid 2015,6,10.1089/thy.2010.0256,"Prevalence, clinicopathologic features, and somatic genetic mutation profile in familial versus sporadic nonmedullary thyroid cancer.",Willieford Moses; Julie Weng; Electron Kebebew,2011,USA,402,,,,,,,,0,0,0,0,Other,50.0,PubMed Abstract
ATA Thyroid 2015,7,10.1089/thy.2011.0192,"In patients with thyroid cancer of follicular cell origin, a family history of nonmedullary thyroid cancer in one first-degree relative is associated with more aggressive disease.",Haggi Mazeh; Joy Benavidez; Jennifer L. Poehls; Linda Youngwirth; Herbert Chen,2012,USA,358,,,,,,,,0,0,0,0,Other,50.0,PubMed Abstract
ATA Thyroid 2015,8,10.1089/thy.2011.0163,The long-term outcomes of the second generation of familial nonmedullary thyroid carcinoma are more aggressive than sporadic cases.,Young Joo Park; Hwa Young Ahn; Hoon Sung Choi; Kyung Won Kim; Do Joon Park,2012,KOR,3056,,,,,,,,0,0,0,0,Other,50.0,PubMed Abstract
ATA Thyroid 2015,9,10.1056/NEJM199703273361301,Solid cancers after bone marrow transplantation.,Rochelle E. Curtis; Philip A. Rowlings; H. Joachim Deeg; Donna A. Shriner; Gérard Socié,1997,USA,19229,,,,,,,,0,0,0,0,Other,50.0,PubMed Abstract
ATA Thyroid 2015,10,10.1210/jc.2007-2215,Higher serum thyroid stimulating hormone level in thyroid nodule patients is associated with greater risks of differentiated thyroid cancer and advanced tumor stage.,Megan Rist Haymart; Daniel John Repplinger; Glen E. Leverson; Diane F. Elson; Rebecca S. Sippel,2008,USA,843,,,,,,,,0,0,0,0,Other,50.0,PubMed Abstract
ATA Thyroid 2015,11,10.1016/j.jss.2007.09.020,Is Hashimoto's Thyroiditis a Risk Factor for Papillary Thyroid Cancer?,Daniel Repplinger; Anna Bargren; Yi-Wei Zhang; Joel T. Adler; Megan Haymart,2008,USA,217,,,,,,,,0,0,0,0,Other,50.0,PubMed Abstract
ATA Thyroid 2015,12,10.1210/jc.2003-030550,"Impact of routine measurement of serum calcitonin on the diagnosis and outcome of medullary thyroid cancer: experience in 10,864 patients with nodular thyroid disorders.",Rossella Elisei; Valeria Bottici; Fabiana Luchetti; Giancarlo Di Coscio; Cristina Romei,2004,ITA,10864,,,,,,,,0,0,0,0,Other,50.0,PubMed Abstract
ATA Thyroid 2015,13,10.3346/jkms.2012.27.9.1014,Preoperative Serum Thyroglobulin as a Useful Predictive Marker to Differentiate Follicular Thyroid Cancer from Benign Nodules in Indeterminate Nodules,Eun Kyung Lee; Ki-Wook Chung; Hye Sook Min; Tae Sung Kim; Tae Hyun Kim,2012,CAN,164,,,,,,,,0,0,0,0,Other,50.0,PubMed Abstract
ATA Thyroid 2015,14,10.1089/10507250150500694,Routine measurement of serum calcitonin is useful for early detection of medullary thyroid carcinoma in patients with nodular thyroid diseases.,Jong Ryeal Hahm; Myung-Shik Lee; Yong-Ki Min; Moon-Kyu Lee; Kwang-Won Kim,2001,KOR,1448,,,,,,,,0,0,0,0,Other,50.0,PubMed Abstract
ATA Thyroid 2015,15,10.1210/jcem.82.2.3737,Interest of routine measurement of serum calcitonin: study in a large series of thyroidectomized patients. The French Medullary Study Group.,Patricia Niccoli; Nelly Wion-Barbot; Philippe Caron; Jean-Francois Henry; Catherine de Micco,1997,FRA,1167,,,,,,,,0,0,0,0,Other,50.0,PubMed Abstract
ATA Thyroid 2015,16,10.1210/jc.2006-1590,Predictive value of serum calcitonin levels for preoperative diagnosis of medullary thyroid carcinoma in a cohort of 5817 consecutive patients with thyroid nodules.,Giuseppe Costante; Domenico Meringolo; Cosimo Durante; Davide Bianchi; Maria Nocera,2007,ITA,10,,,,,,,,0,0,0,0,Cohort,50.0,PubMed Abstract
ATA Thyroid 2015,17,10.1210/jc.2010-0162,The use of preoperative routine measurement of basal serum thyrocalcitonin in candidates for thyroidectomy due to nodular thyroid disorders: results from 2733 consecutive patients.,Guillaume Chambon; Caroline Alovisetti; Catherine Idoux-Louche; Christophe Reynaud; Michel Rodier,2011,FRA,2690,,,,,,,,0,0,0,0,Other,50.0,PubMed Abstract
ATA Thyroid 2015,18,10.4158/EP12420.OR,The diagnostic value of calcitonin measurement in wash-out fluid from fine-needle aspiration of thyroid nodules in the diagnosis of medullary thyroid cancer.,Chiara Diazzi; Bruno Madeo; Erica Taliani; Lucia Zirilli; Stefania Romano,2013,ITA,27,,,,,,,,0,0,0,0,Other,50.0,PubMed Abstract
ATA Thyroid 2015,19,10.1089/thy.2012.0005,"Risk of Malignancy in Thyroid Incidentalomas Detected by
                    <sup>18</sup>
                    F-Fluorodeoxyglucose Positron Emission Tomography: A Systematic Review",Kerstin Kathrine Soelberg; Steen Joop Bonnema; Thomas Heiberg Brix; Laszlo Hegedüs,2012,ITA,125754,,,,,,,,0,0,0,0,Review / Meta-analysis,50.0,PubMed Abstract
ATA Thyroid 2015,20,10.1097/MNM.0b013e328324b431,Evaluation of thyroid FDG uptake incidentally identified on FDG-PET/CT imaging.,Wengen Chen; Molly Parsons; Drew A. Torigian; Hongming Zhuang; Abass Alavi,2009,usa,53,,,,,,,,0,0,0,0,Other,50.0,PubMed Abstract
ATA Thyroid 2015,21,10.1002/1097-0142(19890215)63:4<718::AID-CNCR2820630420>3.0.CO;2-N,Sources of diagnostic error in fine needle aspiration of the thyroid.,Thomas L. Hall; Lester J. Layfield; Anne Philippe; Dorothy L. Rosenthal,1989,Unknown,795,,,,,,,,0,0,0,0,Other,40.0,PubMed Abstract
ATA Thyroid 2015,22,10.1503/cjs.023209,"Incidental thyroid """"PETomas"""": clinical significance and novel description of the self-resolving variant of focal FDG-PET thyroid uptake.",Hidefumi Nishimori; Roger Tabah; Marc Hickeson; Jacques How,2011,CAN,4726,,,,,,,,0,0,0,0,Other,50.0,PubMed Abstract
ATA Thyroid 2015,23,10.1210/jc.2002-020865,Assessment of nondiagnostic ultrasound-guided fine needle aspirations of thyroid nodules.,Erik K. Alexander; Jenny P. Heering; Carol B. Benson; Mary C. Frates; Peter M. Doubilet,2002,USA,1128,,,,,,,,0,0,0,0,Other,50.0,PubMed Abstract
ATA Thyroid 2015,24,10.1001/jamainternmed.2013.9245,Risk of Thyroid Cancer Based on Thyroid Ultrasound Imaging Characteristics: Results of a Population-Based Study,Rebecca Smith-Bindman; Paulette Lebda; Vickie A. Feldstein; Dorra Sellami; Ruth B. Goldstein,2013,FRA,9341,19.6,80.4,,,,,,0,1,0,0,Other,70.0,PubMed Abstract
ATA Thyroid 2015,25,10.4158/EP10382.OR,Correlation of findings from iodine 123 scan and ultrasonography in the recommendation for thyroid fine-needle aspiration biopsy.,Jill E. Langer; Rajan Agarwal; Hongming Zhuang; Steve Shih-Lin Huang; Susan J. Mandel,2011,USA,97,,,,,,,,0,0,0,0,Other,50.0,PubMed Abstract
ATA Thyroid 2015,26,10.1089/thy.1998.8.15,Diagnostic accuracy of conventional versus sonography-guided fine-needle aspiration biopsy of thyroid nodules.,DANIELE DANESE; SALVATORE SCIACCHITANO; ANTONELLA FARSETTI; MARIO ANDREOLI; ALFREDO PONTECORVI,1998,ITA,9683,,,,,,,,0,0,0,0,Other,50.0,PubMed Abstract
ATA Thyroid 2015,27,10.1148/radiol.2473070944,Benign and malignant thyroid nodules: US differentiation--multicenter retrospective study.,Won-Jin Moon; So Lyung Jung; Jeong Hyun Lee; Dong Gyu Na; Jung-Hwan Baek,2008,GBR,831,,,,,,,,0,0,0,0,Cohort,50.0,PubMed Abstract
ATA Thyroid 2015,28,10.1148/radiol.09091284,Can Vascularity at Power Doppler US Help Predict Thyroid Malignancy?,Hee Jung Moon; Jin Young Kwak; Min Jung Kim; Eun Ju Son; Eun-Kyung Kim,2010,KOR,886,,,,,,,,0,0,0,0,Other,50.0,PubMed Abstract
ATA Thyroid 2015,29,10.1007/s00268-008-9600-2,Predictive value of sonographic features in preoperative evaluation of malignant thyroid nodules in a multinodular goiter.,Artür Salmaslıoğlu; Yeşim Erbil; Cem Dural; Halim İşsever; Yersu Kapran,2008,TUR,550,,,,,,,,0,0,0,0,Other,50.0,PubMed Abstract
ATA Thyroid 2015,30,10.1210/jc.2006-0690,Prevalence and distribution of carcinoma in patients with solitary and multiple thyroid nodules on sonography.,Mary C. Frates; Carol B. Benson; Peter M. Doubilet; Elizabeth Kunreuther; Maricela Contreras,2006,USA,1985,,,,,,,,0,0,0,0,Other,50.0,PubMed Abstract
ATA Thyroid 2015,31,10.7863/jum.2009.28.12.1685,Sonographic features of follicular variant papillary thyroid carcinomas in comparison with conventional papillary thyroid carcinomas.,Dae Sik Kim; Ji-hoon Kim; Dong Gyu Na; Sung-Hye Park; Eunhee Kim,2009,KOR,59,,,,,,,,0,0,0,0,Other,50.0,PubMed Abstract
ATA Thyroid 2015,32,10.3349/ymj.2014.55.2.339,Thyroid Nodules with Macrocalcification: Sonographic Findings Predictive of Malignancy,Yun Joo Park; Jeong-Ah Kim; Eun Ju Son; Ji Hyun Youk; Eun-Kyung Kim,2014,ITA,845,,,,,,,,0,0,0,0,Other,50.0,PubMed Abstract
ATA Thyroid 2015,33,10.1093/qjmed/hcl121,The predictive value of ultrasound findings in the management of thyroid nodules.,C. Cappelli; M. Castellano; I. Pirola; D. Cumetti; B. Agosti,2006,ITA,20045198,,,,,,,,0,0,0,0,Other,50.0,PubMed Abstract
ATA Thyroid 2015,34,10.3348/kjr.2007.8.3.192,Evaluating the Degree of Conformity of Papillary Carcinoma and Follicular Carcinoma to the Reported Ultrasonographic Findings of Malignant Thyroid Tumor,Su-kyoung Jeh; So Lyung Jung; Bum Soo Kim; Yoen Soo Lee,2007,KOR,1036,,,,,,,,0,0,0,0,Other,50.0,PubMed Abstract
ATA Thyroid 2015,35,10.1002/cncr.21055,The prognostic value of primary tumor size in papillary and follicular thyroid carcinoma.,Andreas Machens; Hans‐Jürgen Holzhausen; Henning Dralle,2005,DEU,366,,,,,,,,0,0,0,0,Other,50.0,PubMed Abstract
ATA Thyroid 2015,36,10.1046/j.1365-2265.2003.01912.x,Ultrasonography-guided fine-needle aspiration of thyroid incidentaloma: correlation with pathological findings.,Il Seong Nam‐Goong; Ha Young Kim; Gyungyub Gong; Ho Kyu Lee; Suck Joon Hong,2004,KOR,267,,,,,,,,0,0,0,0,Other,50.0,PubMed Abstract
ATA Thyroid 2015,37,10.2214/AJR.08.1820,Pattern Recognition of Benign Nodules at Ultrasound of the Thyroid: Which Nodules Can Be Left Alone?,John A. Bonavita; Jason Mayo; James Babb; Genevieve Bennett; Thaira Oweity,2009,USA,650,,,,,,,,0,0,0,0,Other,50.0,PubMed Abstract
ATA Thyroid 2015,38,10.1530/EJE-12-0936,Prospective evaluation of thyroid imaging reporting and data system on 4550 nodules with and without elastography.,Gilles Russ; Bénédicte Royer; Claude Bigorgne; Agnès Rouxel; Marie Bienvenu-Perrard,2013,FRA,3543,,,,,,,,0,0,0,0,Cohort,50.0,PubMed Abstract
ATA Thyroid 2015,39,10.1089/thy.2007.0014,"Ultrasonographic evaluation of thyroid nodules in 900 patients: comparison among ultrasonographic, cytological, and histological findings.",Yasuhiro Ito; Nobuyuki Amino; Tamotsu Yokozawa; Hisashi Ota; Maki Ohshita,2007,ITA,210,,,,,,,,0,0,0,0,Other,50.0,PubMed Abstract
ATA Thyroid 2015,40,10.1089/thy.2013.0367,Patient age is significantly related to the progression of papillary microcarcinoma of the thyroid under observation.,Yasuhiro Ito; Akira Miyauchi; Minoru Kihara; Takuya Higashiyama; Kaoru Kobayashi,2014,ITA,20111235,,,,,,,,0,0,0,0,Other,50.0,PubMed Abstract
ATA Thyroid 2015,41,10.1210/jc.2007-0641,Elastography: new developments in ultrasound for predicting malignancy in thyroid nodules.,T. Rago; F. Santini; M. Scutari; A. Pinchera; P. Vitti,2007,ITA,92,,,,,,,,0,0,0,0,Other,50.0,PubMed Abstract
ATA Thyroid 2015,42,10.1089/thy.2009.0155,The Bethesda thyroid fine-needle aspiration classification system: year 1 at an academic institution.,Constantine G.A. Theoharis; Kevin M. Schofield; Lynwood Hammers; Robert Udelsman; David C. Chhieng,2009,USA,2468,,,,,,,,0,0,0,0,Other,50.0,PubMed Abstract
AACE/ACE Obesity 2016,1,10.1001/jama.2014.732,"Prevalence of Childhood and Adult Obesity in the United States, 2011-2012",Cynthia L. Ogden,2012,USA,9120,50.21,49.79,30.43,27.59,25.03,12.93,4.02,5,1,1,1,Observational,100.0,PMC Full-text
AACE/ACE Obesity 2016,2,10.3945/ajcn.114.088831,Scaling of adult body weight to height across sex and race/ethnic groups: relevance to BMI,Steven B Heymsfield,2010,"USA, KOR",26068,48.14,51.86,33.15,15.65,16.9,34.3,0.0,4,1,1,0,Observational,100.0,PMC Full-text
AACE/ACE Obesity 2016,3,10.3410/f.1085758.541834,Faculty Opinions recommendation of A common variant in the FTO gene is associated with body mass index and predisposes to childhood and adult obesity.,Timothy M. Frayling,2007,"GBR, FIN, ITA",38759,50.0,50.0,100.0,0.0,0.0,0.0,0.0,1,1,1,0,Genome-wide association study,100.0,PMC Full-text
AACE/ACE Obesity 2016,4,10.1016/j.jhealeco.2011.10.003,The medical care costs of obesity: An instrumental variables approach,John Cawley,2012,USA,23689,41.6,58.4,68.5,11.9,14.6,0.0,5.6,4,1,1,0,Instrument Variables Analysis of MEPS Data,100.0,PMC Full-text
AACE/ACE Obesity 2016,5,10.1001/jama.2012.40,"Prevalence of Obesity and Trends in Body Mass Index Among US Children and Adolescents, 1999-2010",Cynthica L. Ogden,2012,USA,4111,52.1,47.9,33.5,19.3,40.4,0.0,6.8,4,1,1,0,Cross-sectional analysis (NHANES),100.0,PMC Full-text
AACE/ACE Obesity 2016,6,10.1096/fasebj.22.1_supplement.1084.7,Micronutrient quality of weight loss diets that focus on macronutrients: results from the A TO Z study,Christoper D. Gardner,2010,USA,291,0.0,100.0,71.0,6.0,11.0,10.0,2.0,5,0,1,1,Randomized Clinical Trial,80.0,PMC Full-text
AACE/ACE Obesity 2016,7,10.1164/rccm.200304-493oc,Whole Genome Scan for Obstructive Sleep Apnea and Obesity in African-American Families,Lyle J. Palmer,2004,"AUS, USA",277,43.3,56.7,0.0,100.0,0.0,0.0,0.0,1,1,1,0,Genome-wide linkage scan,100.0,PMC Full-text
AACE/ACE Obesity 2016,8,10.1001/jama.2012.39,"Prevalence of Obesity and Trends in the Distribution of Body Mass Index Among US Adults, 1999-2010",Katherine M. Flegal,2012,USA,5926,48.7,51.3,68.8,11.4,13.6,0.0,6.2,4,1,1,0,Cross-sectional survey,100.0,PMC Full-text
AACE/ACE Obesity 2016,9,10.1001/jamapediatrics.2014.21,"Prevalence and Trends in Obesity and Severe Obesity Among Children in the United States, 1999-2012",Asheley Cockrell Skinner,2012,USA,26690,51.2,48.8,58.2,14.6,19.9,0.1,7.2,5,1,1,1,cross sectional survey,100.0,PMC Full-text
AACE/ACE Obesity 2016,10,10.1002/oby.21140,"Challenging obesity: Patient, provider, and expert perspectives on the roles of available and emerging nonsurgical therapies",Amy Groves,2015,USA,1460000,42.0,58.0,100.0,0.0,0.0,0.0,0.0,1,1,1,0,Clinical trials and investigations,100.0,PMC Full-text
AACE/ACE Obesity 2016,11,10.1002/oby.20078,Normal vs. High-Protein Weight Loss Diets in Men: Effects on Body Composition and Indices of Metabolic Syndrome,Minghua Tang,2013,USA,43,100.0,0.0,97.7,2.3,0.0,0.0,0.0,2,0,1,0,Randomized Control,80.0,PMC Full-text
AACE/ACE Obesity 2016,12,10.1016/j.diabres.2011.11.021,Effects of macronutrient composition of the diet on body fat in indigenous people at high risk of type 2 diabetes,Lorraine A. Brooking,2012,NZL,84,29.8,70.2,0.0,0.0,0.0,0.0,100.0,1,1,1,0,Randomized Control Trial,100.0,PMC Full-text
AACE/ACE Obesity 2016,13,10.1001/jama.297.6.611,Development and Validation of Improved Algorithms for the Assessment of Global Cardiovascular Risk in Women,Paul M. Ridker,2007,USA,24558,0.0,100.0,94.51,1.88,1.02,1.4,0.41,5,0,1,1,Observational,80.0,PMC Full-text
AACE/ACE Obesity 2016,14,10.1093/sleep/33.8.1037,Sleep Duration and Cardiovascular Disease: Results from the National Health Interview Survey,Charumathi Sabanayagam,2010,USA,30397,42.9,57.1,64.7,13.5,17.4,0.0,4.4,4,1,1,0,Survey,100.0,PMC Full-text
AACE/ACE Obesity 2016,15,10.1038/ijo.2008.11,Accuracy of body mass index in diagnosing obesity in the adult general population,A Romero-Corral,2008,USA,13601,49.0,51.0,76.4,10.5,4.9,0.0,7.9,4,1,1,0,Cross Sectioanl Study,100.0,PMC Full-text
AACE/ACE Obesity 2016,16,doi:10.1001/jamapediatrics.2014.21,"Prevalence and Trends in Obesity and Severe Obesity Among Children in the United States, 1999-2012",Asheley Cockrell Skinner,2014,USA,26690,51.2,48.8,58.2,14.6,19.9,0.0,7.2,4,1,1,0,retrospective study,100.0,PMC Full-text
AACE/ACE Obesity 2016,17,10.1038/oby.2011.367,Dual-Energy X-Ray Performs as Well as Clinical Computed Tomography for the Measurement of Visceral Fat,Lisa K. Micklesfield,2012,ZAF,272,0.0,100.0,51.1,48.9,0.0,0.0,0.0,2,0,1,0,Cross-Sectional,80.0,PMC Full-text
AACE/ACE Obesity 2016,18,10.1371/journal.pone.0092001,"Association of Esophageal Inflammation, Obesity and Gastroesophageal Reflux Disease: From FDG PET/CT Perspective",Yen-Wen Wu,2014,TWN,458,82.6,17.4,0.0,0.0,0.0,100.0,0.0,1,1,1,0,Cross-Sectional,100.0,PMC Full-text
AACE/ACE Obesity 2016,19,10.1097/psy.0000000000000063,Depressive Symptom Clusters as Predictors of 6-Year Increases in Insulin Resistance,Nancy E. Adler,2014,USA,1353,46.4,53.6,54.4,20.3,20.6,4.7,0.0,4,1,1,0,Longitudinal Cohort Study,100.0,PMC Full-text
AACE/ACE Obesity 2016,20,10.2337/dc08-1776,Obstructive Sleep Apnea Among Obese Patients With Type 2 Diabetes,Gary D. Foster,2009,USA,305,40.0,60.0,73.0,19.1,0.0,0.0,7.9,3,1,1,0,Cross-sectional (Baseline analysis of the Sleep AHEAD study),100.0,PMC Full-text
AACE/ACE Obesity 2016,21,10.1378/chest.130.3.780,Prevalence of Symptoms and Risk of Sleep Apnea in the US Population,Mohammad R. Hiestand,2006,USA,1506,49.0,51.0,85.0,0.0,0.0,0.0,15.0,2,1,1,0,Cross-sectional survey,100.0,PMC Full-text
AACE/ACE Obesity 2016,22,10.1371/journal.pmed.1000132,Sleep-Disordered Breathing and Mortality: A Prospective Cohort Study,Naresh M. Punjabi,2009,USA,6294,46.7,53.3,76.6,8.1,4.4,0.0,10.9,4,1,1,0,Community-based prospective cohort study,100.0,PMC Full-text
AACE/ACE Obesity 2016,23,10.1136/thx.2007.082784,Body mass index and asthma severity in the National Asthma Survey,B. T. Taylor,2008,USA,3091,32.7,67.3,71.3,12.3,11.2,0.0,5.2,4,1,1,0,Cross-sectional survey,100.0,PMC Full-text
AACE/ACE Obesity 2016,24,10.3109/02770900903338494,Body Mass Index and Response to Asthma Therapy: Fluticasone Propionate/Salmeterol versus Montelukast,Carlos A. Camargo Jr.,2010,USA,1480,45.1,54.9,85.1,6.4,5.5,0.0,3.0,4,1,1,0,Post-hoc analysis of four randomized clinical trials,100.0,PMC Full-text
AACE/ACE Obesity 2016,25,10.1016/j.jpsychires.2015.09.001,The pro-inflammatory profile of depressed patients is (partly) related to obesity,M.L. Miller,2015,USA,94,50.0,50.0,58.5,25.5,9.6,2.1,4.3,5,1,1,1,Cross-sectional Case-Control Study,100.0,PMC Full-text
AACE/ACE Obesity 2016,26,10.1111/j.1468-2982.2008.01671.x,Body Mass Index and Headaches: Findings from a National Sample of US Adults,Earl S. Ford,2008,USA,7601,47.7,52.3,50.8,19.3,24.3,0.0,5.6,4,1,1,0,Cross-sectional study (NHANES 1999-2002),100.0,PMC Full-text
AACE/ACE Obesity 2016,27,10.2105/ajph.90.2.251,"Relationships between obesity and DSM-IV major depressive disorder, suicide ideation, and suicide attempts",Kirsten M. Carpenter,2000,USA,40086,41.8,58.2,87.9,12.1,0.0,0.0,0.0,2,1,1,0,Cross-sectional population study (NLAES),100.0,PMC Full-text
AACE/ACE Obesity 2016,28,10.1001/archinte.165.20.2362,Prescribing Exercise at Varied Levels of Intensity and Frequency,David J. Duncan,2005,USA,462,38.3,61.7,86.6,9.7,1.9,1.3,0.4,5,1,1,1,Randomized controlled clinical trial,100.0,PMC Full-text
AACE/ACE Obesity 2016,29,10.1001/jama.293.1.43,"Comparison of the Atkins, Ornish, Weight Watchers, and Zone Diets for Weight Loss and Heart Disease Risk Reduction",Michael L. Dansinger,2005,USA,160,49.0,51.0,75.0,0.0,0.0,0.0,25.0,2,1,1,0,Randomized trial,100.0,PMC Full-text
AACE/ACE Obesity 2016,30,10.1016/s0140-6736(09)61457-4,Effect of nateglinide on the incidence of diabetes and cardiovascular events,The NAVIGATOR Study Group,2010,"40 countries (including USA, GBR, CHN, DEU, IND)",9306,49.2,50.8,77.4,2.2,5.3,12.3,2.8,5,1,1,1,Randomized Clinical Trial,100.0,PMC Full-text
AACE/ACE Obesity 2016,31,10.1111/j.1467-789X.2010.00740.x,"Maintenance of weight loss after lifestyle interventions for overweight and obesity, a systematic review",J. C. M. Barte,2010,Systematic review,3338,19.3,80.7,100.0,0.0,0.0,0.0,0.0,1,1,1,0,Systematic Review,100.0,PMC Full-text
AACE/ACE Obesity 2016,32,10.2337/dc13-1518,Prevention of Type 2 Diabetes in Subjects With Prediabetes and Metabolic Syndrome Treated With Phentermine and Topiramate Extended Release,W. Timothy Garvey,2014,USA,475,28.6,71.4,80.8,16.4,12.0,0.8,1.9,5,1,1,1,Randomized Controlled Trial,100.0,PMC Full-text
AACE/ACE Obesity 2016,33,10.1016/S0140-6736(02)08905-5,Acarbose for prevention of type 2 diabetes mellitus: the STOP-NIDDM randomised trial,Jean-Louis Chiasson,2002,Multicentre,1368,49.2,50.8,97.5,0.0,0.0,0.0,0.0,1,1,1,0,Randomized Controlled Trial (RCT),100.0,PMC Full-text
AACE/ACE Obesity 2016,34,10.1161/01.HYP.0000053450.19998.11,DASH Diet Lowers Blood Pressure and Lipid-Induced Oxidative Stress in Obesity,Heno F. Lopes,2003,USA,24,50.0,50.0,45.8,54.2,0.0,0.0,0.0,2,1,1,0,Open-label randomized crossover study,100.0,PMC Full-text
AACE/ACE Obesity 2016,35,10.2337/dc13-2966,"Ethnic-Specific Obesity Cutoffs for Diabetes Risk: Cross-sectional Study of 490,288 UK Biobank Participants",Ulf Ekelund Ntuk,2014,GBR,490288,45.9,54.1,96.1,1.6,0.0,2.3,0.0,3,1,1,0,Cross-sectional study (UK Biobank),100.0,PMC Full-text
AACE/ACE Obesity 2016,36,10.1002/oby.20995,Lower BMI cutoffs to define overweight and obesity in China,Y. Chen,2015,"CHN, USA",24566,48.4,51.6,66.1,0.0,0.0,33.9,0.0,2,1,1,0,Meta-analysis,100.0,PMC Full-text
AACE/ACE Obesity 2016,37,10.1001/jama.295.7.776,Body Weight and Mortality Among Men and Women in China,X. Gu,2006,CHN,169871,48.0,52.0,0.0,0.0,0.0,100.0,0.0,1,1,1,0,Prospective cohort study,100.0,PMC Full-text
AACE/ACE Obesity 2016,38,10.1185/03007995.2012.666962,Effect of adjustable gastric banding on changes in gastroesophageal reflux disease (GERD) and quality of life,George Woodman,2012,USA,171,11.7,87.7,86.5,6.4,5.3,0.0,1.8,4,1,1,0,study,100.0,PMC Full-text
AACE/ACE Obesity 2016,39,10.1093/ajcn/72.3.694,Healthy percentage body fat ranges: an approach for developing guidelines based on body mass index,Dympna Gallagher,2000,"GBR, USA, JPN",1626,37.7,62.3,25.6,15.6,0.0,58.7,0.0,3,1,1,0,Multiple regression analysis,100.0,PMC Full-text
AACE/ACE Obesity 2016,40,doi:10.1038/oby.2011.36,Body Adiposity and Type 2 Diabetes: Increased Risk With a High Body Fat Percentage Even Having a Normal BMI,Javier Gomez-Ambrosi,2011,ESP,4828,34.0,66.0,100.0,0.0,0.0,0.0,0.0,1,1,1,0,Cross-sectional study,100.0,PMC Full-text
AACE/ACE Obesity 2016,41,doi:10.1038/ijo.2011.100,Body mass index classification misses subjects with increased cardiometabolic risk factors,J Gomez-Ambrosi,2012,ESP,6123,31.3,68.7,100.0,0.0,0.0,0.0,0.0,1,1,1,0,Cross-sectional study,100.0,PMC Full-text
AACE/ACE Obesity 2016,42,doi:10.3945/ajcn.2008.26847,"Comparisons of percentage body fat, body mass index, waist circumference, and waist-stature ratio in adults",Katherine M Flegal,2009,USA,12901,50.2,49.8,72.0,10.0,8.1,0.0,9.9,4,1,1,0,Cross-sectional survey,100.0,PMC Full-text
AACE/ACE Obesity 2016,43,10.1016/j.maturitas.2012.04.004,A systematic review of body fat distribution and mortality in older people,Shu-Hsin Chang,2012,"USA, BRA, FIN, ITA, CHN, HKG, TWN, SWE, NLD, ESP, GBR, IND",868910,47.5,52.5,71.0,19.2,0.0,9.8,0.0,3,1,1,0,Systematic Review,100.0,PMC Full-text
AACE/ACE Obesity 2016,44,10.3945/ajcn.113.068122,BMI and all-cause mortality in older adults: a meta-analysis,Jane E. Winter,2014,"USA, CAN, GBR, AUS, FRA, SWE, NOR, ITA, ISR, ESP, FIN, NLD",197940,0.0,0.0,100.0,0.0,0.0,0.0,0.0,1,0,1,0,Meta-analysis,80.0,PMC Full-text
AACE/ACE Obesity 2016,45,10.1371/journal.pone.0050091,BMI and Mortality in Non-Hispanic Black Adults in the NIH-AARP Study,Yikyung Park,2012,USA,16471,41.7,58.3,0.0,100.0,0.0,0.0,0.0,1,1,1,0,Cohort,100.0,PMC Full-text
AACE/ACE Obesity 2016,46,10.1093/ajcn/87.5.1212,Relation of central adiposity and body mass index to diabetes in the DPP,George A. Bray,2008,USA,1106,33.5,66.5,57.0,21.5,16.3,4.3,0.0,4,1,1,0,RCT Substudy (Prospective),100.0,PMC Full-text
AACE/ACE Obesity 2016,47,10.1093/ajcn/85.5.1197,Waist circumference and cardiometabolic risk: a consensus statement,Samuel Klein,2007,USA,0,0.0,0.0,0.0,0.0,0.0,0.0,0.0,0,0,0,0,Consensus Statement,40.0,CrossRef
AACE/ACE Obesity 2016,48,10.1038/sj.ijo.0801835,"A comparison of BMI, WHR and WC as predictors of all-cause mortality among the elderly",TLS Visscher,2001,NLD,6296,41.3,58.7,0.0,0.0,0.0,0.0,0.0,0,1,0,0,Population-based Cohort,70.0,PubMed Abstract
AACE/ACE Obesity 2016,49,NR,Measurement of fat mass using DEXA: a validation study in elderly adults,Loran M. Salamone,2000,USA,60,50.0,50.0,88.3,11.7,0.0,0.0,0.0,2,1,1,0,Validation study,100.0,PMC Full-text
AACE/ACE Obesity 2016,50,10.1093/ajcn/68.4.786,Comparison of ADP with DXA and 3 field methods,Luis B Sardinha,1998,"PRT, USA",62,100.0,0.0,100.0,0.0,0.0,0.0,0.0,1,0,1,0,Validation Study,80.0,PMC Full-text
AACE/ACE Obesity 2016,51,10.1136/heartjnl-2014-305816,"Body fat %, BMI and WHR as predictors of mortality and CVD",Phyo Kyaw Myint,2014,GBR,15062,43.2,56.8,99.6,0.0,0.0,0.0,0.0,1,1,1,0,Prospective Cohort,100.0,PMC Full-text
AACE/ACE Obesity 2016,52,10.1111/j.1463-1326.2004.00395.x,Comparison of ADP and BI for assessing body composition changes,N. Miyatake,2005,JPN,7380,0.0,100.0,0.0,0.0,0.0,100.0,0.0,1,0,1,0,Cross-sectional & Longitudina,80.0,PMC Full-text
AACE/ACE Obesity 2016,53,10.1002/oby.20655,Body Composition Analysis by ADP in Normal Weight to Extremely Obese Adults,Kazanna C. Hames,2014,USA,109,23.9,76.1,89.9,5.5,1.8,0.0,0.0,3,1,1,0,Comparison study,100.0,PMC Full-text
AACE/ACE Obesity 2016,54,10.1159/000322984,ADP for Estimating Body Composition Changes with Weight Loss in Japanese Men,Hiroyuki Sasai,2010,JPN,50,100.0,0.0,0.0,0.0,0.0,100.0,0.0,1,0,1,0,Intervention study,80.0,PMC Full-text
AACE Osteoporosis 2020,1,10.1007/s00198-009-1007-x,Population screening for osteoporosis risk: a randomised control trial of medication use and fracture risk.,R. J. Barr; A. Stewart; D. J. Torgerson; D. M. Reid,2010,usa,4800,,,,,,,,0,0,0,0,RCT / Clinical Trial,50.0,PubMed Abstract
AACE Osteoporosis 2020,2,10.1177/0017896910364570,Health beliefs about osteoporosis and osteoporosis screening in older women and men,Smita Nayak; Mark S Roberts; Chung-Chou H Chang; Susan L Greenspan,2010,"usa, United States",664,,58.7,,,,,,0,0,0,0,Other,50.0,PubMed Abstract
AACE Osteoporosis 2020,3,10.1016/S0140-6736(17)32640-5,Screening in the community to reduce fractures in older women (SCOOP): a randomised controlled trial.,Lee Shepstone; Elizabeth Lenaghan; Cyrus Cooper; Shane Clarke; Rebekah Fong-Soe-Khioe,2018,UK,6233,,,,,,,,0,0,0,0,RCT / Clinical Trial,50.0,PubMed Abstract
AACE Osteoporosis 2020,4,10.1002/jbmr.372,The WHO Absolute Fracture Risk Models (FRAX): Do Clinical Risk Factors Improve Fracture Prediction in Older Women Without Osteoporosis?,Teresa A Hillier; Jane A Cauley; Joanne H Rizzo; Kathryn L Pedula; Kristine E Ensrud,2011,NOR,6252,,100.0,,,,,,0,0,0,0,Other,50.0,PubMed Abstract
AACE Osteoporosis 2020,5,10.1002/jbmr.1476,Previous fractures at multiple sites increase the risk for subsequent fractures: The global longitudinal study of osteoporosis in women,Stephen Gehlbach; Kenneth G Saag; Jonathan D Adachi; Fred H Hooven; Julie Flahive,2012,USA,119000,,,,,,,,0,0,0,0,Cohort,50.0,PubMed Abstract
AACE Osteoporosis 2020,6,10.1001/jama.285.3.320,Risk of new vertebral fracture in the year following a fracture.,Robert Lindsay,2001,usa,28,,,,,,,,0,0,0,0,Other,50.0,PubMed Abstract
AACE Osteoporosis 2020,7,10.1359/JBMR.050304,Predictive value of BMD for hip and other fractures.,Olof Johnell; John A Kanis; Anders Oden; Helena Johansson; Chris De Laet,2005,ITA,9891,,,,,,,,0,0,0,0,Other,50.0,PubMed Abstract
AACE Osteoporosis 2020,8,10.1007/s11914-010-0022-3,Assessment of Individual Fracture Risk: FRAX and Beyond,Joop P. W. van den Bergh; Tineke A. C. M. van Geel; Willem F. Lems; Piet P. Geusens,2010,NLD,2012,,,,,,,,0,0,0,0,Other,50.0,PubMed Abstract
AACE Osteoporosis 2020,9,10.1007/s00198-010-1461-5,Spine-hip discordance and fracture risk assessment: a physician-friendly FRAX enhancement.,W. D. Leslie; L. M. Lix; H. Johansson; A. Oden; E. McCloskey,2011,CAN,36368,,,,,,,,0,0,0,0,Other,50.0,PubMed Abstract
AACE Osteoporosis 2020,10,10.1002/jbmr.1582,Does osteoporosis therapy invalidate FRAX for fracture prediction?,William D Leslie; Lisa M Lix; Helena Johansson; Anders Oden; Eugene McCloskey,2012,CAN,35764,,,,,,,,0,0,0,0,Other,50.0,PubMed Abstract
AACE Osteoporosis 2020,11,10.1002/jbmr.5650070607,Axial and appendicular bone density predict fractures in older women.,Dennis M. Black; Steven R. Cummings; Harry K. Genant; Michael C. Nevitt; Lisa Palermo,1992,FRA,8134,,,,,,,,0,0,0,0,Other,50.0,PubMed Abstract
AACE Osteoporosis 2020,12,10.1002/jbmr.1472,Relationship between bone mineral density changes with denosumab treatment and risk reduction for vertebral and nonvertebral fractures,Matthew Austin; Yu-Ching Yang; Eric Vittinghoff; Silvano Adami; Steven Boonen,2012,USA,7808,,,,,,,,0,0,0,0,Other,50.0,PubMed Abstract
AACE Osteoporosis 2020,13,10.1016/j.bone.2015.05.016,Trabecular bone score (TBS) as a new complementary approach for osteoporosis evaluation in clinical practice,N.C. Harvey; C.C. Glüer; N. Binkley; E.V. McCloskey; M.-L. Brandi,2015,GBR,390,59.0,,,,,,,0,0,0,0,Other,50.0,PubMed Abstract
AACE Osteoporosis 2020,14,10.1210/jc.2002-020275,Yield of laboratory testing to identify secondary contributors to osteoporosis in otherwise healthy women.,Cara Tannenbaum; Julie Clark; Kevin Schwartzman; Sylvan Wallenstein; Robert Lapinski,2002,usa,664,,,,,,,,0,0,0,0,Other,50.0,PubMed Abstract
AACE Osteoporosis 2020,15,10.1097/BLO.0b013e3180534269,Prior fractures are common in patients with subsequent hip fractures.,Beatrice J Edwards; Andrew D Bunta; Christine Simonelli; Mark Bolander; Lorraine A Fitzpatrick,2007,USA,632,,,,,,,,0,0,0,0,Other,50.0,PubMed Abstract
AACE Osteoporosis 2020,16,10.1007/s00198-004-1709-z,Accuracy of height loss during prospective monitoring for detection of incident vertebral fractures.,K. Siminoski; G. Jiang; J. D. Adachi; D. A. Hanley; G. Cline,2005,usa,985,,,,,,,,0,0,0,0,Cohort,50.0,PubMed Abstract
AACE Osteoporosis 2020,17,10.1359/jbmr.1999.14.9.1614,Markers of bone turnover predict postmenopausal forearm bone loss over 4 years: the OFELY study.,Patrick Garnero; Elisabeth Sornay-Rendu; François Duboeuf; Pierre D. Delmas,1999,usa,305,,,,,,,,0,0,0,0,Other,50.0,PubMed Abstract
AACE Osteoporosis 2020,18,10.1359/jbmr.2003.18.6.1051,Relationship of early changes in bone resorption to the reduction in fracture risk with risedronate.,R Eastell; I Barton; Ra Hannon; A Chines; P Garnero,2003,GBR,693,,,,,,,,0,0,0,0,Other,50.0,PubMed Abstract
AACE Osteoporosis 2020,19,10.1359/JBMR.040512,"Change in bone turnover and hip, non-spine, and vertebral fracture in alendronate-treated women: the fracture intervention trial.",Douglas C Bauer; Dennis M Black; Patrick Garnero; Marc Hochberg; Susan Ott,2004,usa,6186,,,,,,,,0,0,0,0,RCT / Clinical Trial,50.0,PubMed Abstract
AACE Osteoporosis 2020,20,10.1002/jbmr.251,Effects of denosumab on bone turnover markers in postmenopausal osteoporosis.,Richard Eastell; Claus Christiansen; Andreas Grauer; Stepan Kutilek; Cesar Libanati,2011,usa,160,,,,,,,,0,0,0,0,Other,50.0,PubMed Abstract
AACE Osteoporosis 2020,21,10.1210/jcem.87.4.8415,Changes in bone density and turnover explain the reductions in incidence of nonvertebral fractures that occur during treatment with antiresorptive agents.,Marc C. Hochberg; Susan Greenspan; Richard D. Wasnich; Paul Miller; Desmond E. Thompson,2002,usa,2415,,,,,,,,0,0,0,0,Other,50.0,PubMed Abstract
AACE Osteoporosis 2020,22,10.1001/jamainternmed.2014.1232,Fracture Prediction After Discontinuation of 4 to 5 Years of Alendronate Therapy,Douglas C. Bauer; Ann Schwartz; Lisa Palermo; Jane Cauley; Marc Hochberg,2014,FRA,6459,,,,,,,,0,0,0,0,Other,50.0,PubMed Abstract
AACE Osteoporosis 2020,23,10.1056/NEJMoa1500409,A Trial of Calcium and Vitamin D for the Prevention of Colorectal Adenomas,John A. Baron; Elizabeth L. Barry; Leila A. Mott; Judy R. Rees; Robert S. Sandler,2015,United States,60,85.5,14.5,88.8,46.0,95.4,12.0,,4,1,1,0,RCT / Clinical Trial,100.0,PMC Full-text
AACE Osteoporosis 2020,24,10.4158/EP13518.OR,The vitamin d dose response in obesity.,Ruban Dhaliwal; Mageda Mikhail; Martin Feuerman; John F. Aloia,2014,ITA,25,,,,,,,,0,0,0,0,Other,50.0,PubMed Abstract
AACE Osteoporosis 2020,25,10.4158/EP14416.OR,EFFECTIVENESS AND OUTCOMES OF CURRENT PRACTICE IN TREATING VITAMIN D DEFICIENCY IN PATIENTS LISTED FOR LIVER TRANSPLANTATION.,Amanda Chaney; Michael G. Heckman; Nancy N. Diehl; Shon Meek; Andrew P. Keaveny,2015,Unknown,127,,,,,,,,0,0,0,0,Other,40.0,PubMed Abstract
ESC CVD 2021,1,10.1136/bmjopen-2020-042963,"Evaluation of the uptake and delivery of the NHS Health Check programme in England, using primary care data from 9.5 million people: a cross-sectional study",Riyaz Patel; Sharmani Barnard; Katherine Thompson; Catherine Lagord; Emma Clegg,2020,GBR,922,49.1,50.9,20.0,79.0,,79.0,,3,1,1,0,Cross-sectional,100.0,PMC Full-text
ESC CVD 2021,2,10.1016/S0140-6736(17)32250-X,Population screening and intervention for vascular disease in Danish men (VIVA): a randomised controlled trial.,Jes S Lindholt; Rikke Søgaard,2017,ITA,25,,,,,,,,0,0,0,0,RCT / Clinical Trial,50.0,PubMed Abstract
ESC CVD 2021,3,10.1016/S0140-6736(10)61350-5,Efficacy and safety of more intensive lowering of LDL cholesterol: a meta-analysis of data from 170 000 participants in 26 randomised trials,Cholesterol Treatment Trialists' (CTT) Collaboration,2010,Unknown,8659,,,,,,,,0,0,0,0,RCT / Clinical Trial,40.0,PubMed Abstract
ESC CVD 2021,4,10.1016/S0140-6736(12)60367-5,The effects of lowering LDL cholesterol with statin therapy in people at low risk of vascular disease: meta-analysis of individual data from 27 randomised trials,Cholesterol Treatment Trialists' (CTT) Collaborators,2012,"USA, UK",1000,,,,,,,,0,0,0,0,RCT / Clinical Trial,50.0,PubMed Abstract
ESC CVD 2021,5,10.1016/j.jacc.2019.04.047,Trajectories of Non-HDL C Across Midlife: Implications for Cardiovascular Prevention,Karol M. Pencina; George Thanassoulis; John T. Wilkins; Ramachandran S. Vasan; Ann Marie Navar,2019,ITA,5032,0.1,,,,,,,0,0,0,0,Other,50.0,PubMed Abstract
ESC CVD 2021,6,10.1001/jama.2009.1619,"Major Lipids, Apolipoproteins, and Risk of Vascular Disease",The Emerging Risk Factors Collaboration*,2009,usa,302430,43.0,,,,,,,0,0,0,0,Other,50.0,PubMed Abstract
ESC CVD 2021,7,10.1093/eurheartj/eht571,Mendelian randomization of blood lipids for coronary heart disease,Michael V. Holmes; Folkert W. Asselbergs; Tom M. Palmer; Fotios Drenos; Matthew B. Lanktree,2015,GBR,62199,,,,,,,,0,0,0,0,Other,50.0,PubMed Abstract
ESC CVD 2021,8,10.1016/S0140-6736(12)60312-2,Plasma HDL cholesterol and risk of myocardial infarction: a mendelian randomisation study,Benjamin F Voight; Gina M Peloso; Marju Orho-Melander; Ruth Frikke-Schmidt; Maja Barbalic,2012,USA,763,,,,,,,,0,0,0,0,RCT / Clinical Trial,50.0,PubMed Abstract
ESC CVD 2021,9,10.1056/NEJMoa1706444,Effects of Anacetrapib in Patients with Atherosclerotic Vascular Disease.,,2017,GBR,15225,,,,,,,,0,0,0,0,Other,50.0,PubMed Abstract
ESC CVD 2021,10,10.1161/CIRCULATIONAHA.120.049360,Sex Differences in Blood Pressure Associations With Cardiovascular Outcomes,Hongwei Ji; Teemu J. Niiranen; Florian Rader; Mir Henglin; Andy Kim,2021,ITA,27,44.0,,,,,,,0,0,0,0,Other,50.0,PubMed Abstract
ESC CVD 2021,11,10.1001/jamacardio.2020.1731,Association of Normal Systolic Blood Pressure Level With Cardiovascular Disease in the Absence of Risk Factors.,Seamus P. Whelton; John W. McEvoy; Leslee Shaw; Bruce M. Psaty; Joao A. C. Lima,2020,IRL,1457,,,,,,,,0,0,0,0,Other,50.0,PubMed Abstract
ESC CVD 2021,12,10.1136/bmj.316.7137.1043,Smoking and risk of myocardial infarction in women and men: longitudinal population study.,E. Prescott; M. Hippe; P. Schnohr; H. O. Hein; J. Vestbo,1998,DNK,24663,,,,,,,,0,0,0,0,RCT / Clinical Trial,50.0,PubMed Abstract
ESC CVD 2021,13,10.1016/S0140-6736(18)32225-6,"Global, regional, and national comparative risk assessment of 84 behavioural, environmental and occupational, and metabolic risks or clusters of risks for 195 countries and territories, 1990–2017: a systematic analysis for the Global Burden of Disease Study 2017",Jeffrey D Stanaway; Ashkan Afshin; Emmanuela Gakidou; Stephen S Lim; Degu Abate,2018,usa,476,,,,,,,,0,0,0,0,Other,50.0,PubMed Abstract
ESC CVD 2021,14,10.1136/bmj.l1042,Body mass index and all cause mortality in HUNT and UK Biobank studies: linear and non-linear mendelian randomisation analyses,Yi-Qian Sun; Stephen Burgess; James R Staley; Angela M Wood; Steven Bell,2019,CHN,14,26.0,,,,,,,0,0,0,0,Other,50.0,PubMed Abstract
ESC CVD 2021,15,10.1016/S0140-6736(16)30175-1,Body-mass index and all-cause mortality: individual-participant-data meta-analysis of 239 prospective studies in four continents,Emanuele Di Angelantonio; Shilpa N Bhupathiraju; David Wormser; Pei Gao; Stephen Kaptoge,2016,"England, usa, uk, UK, USA",411,,,,,,,,0,0,0,0,Cohort,50.0,PubMed Abstract
ESC CVD 2021,16,10.1136/bmj.i2156,BMI and all cause mortality: systematic review and non-linear dose-response meta-analysis of 230 cohort studies with 3.74 million deaths among 30.3 million participants,Dagfinn Aune; Abhijit Sen; Manya Prasad; Teresa Norat; Imre Janszky,2016,CHN,325,,,,,,,,0,0,0,0,Cohort,50.0,PubMed Abstract
ESC CVD 2021,17,10.1016/S0140-6736(11)60105-0,Separate and combined associations of body-mass index and abdominal adiposity with cardiovascular disease: collaborative analysis of 58 prospective studies,The Emerging Risk Factors Collaboration,2011,usa,14,,,,,,,,0,0,0,0,Cohort,50.0,PubMed Abstract
ESC CVD 2021,18,10.1016/S0140-6736(20)31561-0,"Sex and gender: modifiers of health, disease, and medicine",Franck Mauvais-Jarvis; Noel Bairey Merz; Peter J Barnes; Roberta D Brinton; Juan-Jesus Carrero,2020,USA,50,80.0,,,,,,,0,0,0,0,Other,50.0,PubMed Abstract
ESC CVD 2021,19,10.1136/heartjnl-2019-315134,Sex disparities in the management of coronary heart disease in general practices in Australia.,Crystal Man Ying Lee; George Mnatzaganian; Mark Woodward; Clara K Chow; Freddy Sitas,2019,AUS,130,47.0,,,,,,,0,0,0,0,Other,50.0,PubMed Abstract
ESC CVD 2021,20,10.1161/CIR.0000000000000907,Ten-Year Differences in Women’s Awareness Related to Coronary Heart Disease: Results of the 2019 American Heart Association National Survey: A Special Report From the American Heart Association,Mary Cushman; Christina M. Shay; Virginia J. Howard; Monik C. Jiménez; Jennifer Lewey,2021,United States,2700,,,1.0,0.7,0.61,0.33,,4,0,1,0,Survey,80.0,PMC Full-text
ESC CVD 2021,21,10.1016/j.jacc.2015.10.067,Sex Versus Gender-Related Characteristics: Which Predicts Outcome After Acute Coronary Syndrome in the Young?,Roxanne Pelletier; Nadia A. Khan; Jafna Cox; Stella S. Daskalopoulou; Mark J. Eisenberg,2016,CAN,909,,,,,,,,0,0,0,0,Other,50.0,PubMed Abstract
ESC CVD 2021,22,10.1161/CIRCULATIONAHA.105.574400,Women have higher left ventricular ejection fractions than men independent of differences in left ventricular volume: the Dallas Heart Study.,Anne K. Chung; Sandeep R. Das; David Leonard; Ronald M. Peshock; Farhana Kazi,2006,USA,2618,,,,,,,,0,0,0,0,Other,50.0,PubMed Abstract
ESC CVD 2021,23,10.1093/eurheartj/ehz550,Routinely reported ejection fraction and mortality in clinical practice: where does the nadir of risk lie?,Gregory J Wehner; Linyuan Jing; Christopher M Haggerty; Jonathan D Suever; Joseph B Leader,2020,USA,976,,,,,,,,0,0,0,0,Other,50.0,PubMed Abstract
ESC CVD 2021,24,10.1093/eurheartj/ehaa1044,"Corrigendum to: Cardiovascular health after menopause transition, pregnancy disorders, and other gynaecologic conditions: a consensus document from European cardiologists, gynaecologists, and endocrinologists",Angela H E M Maas; Giuseppe Rosano; Renata Cifkova; Alaide Chieffo; Dorenda van Dijken,2021,NLD,94,,,,,,,,0,0,0,0,Other,50.0,PubMed Abstract
ESC CVD 2021,25,10.1136/bmj.d5888,Estimating treatment effects for individual patients based on the results of randomised clinical trials,J. A. N. Dorresteijn; F. L. J. Visseren; P. M. Ridker; A. M. J. Wassink; N. P. Paynter,2011,NLD,17,61.8,,71.3,,,,,1,0,1,0,RCT / Clinical Trial,80.0,PMC Full-text
ESC CVD 2021,26,10.1016/S0140-6736(12)61350-6,Associations of kidney disease measures with mortality and end-stage renal disease in individuals with and without diabetes: a meta-analysis,Caroline S Fox; Kunihiro Matsushita; Mark Woodward; Henk JG Bilo; John Chalmers,2012,USA,1024977,,,,,,,,0,0,0,0,Review / Meta-analysis,50.0,PubMed Abstract
ESC CVD 2021,27,10.1093/eurheartj/ehy653,Equalization of four cardiovascular risk algorithms after systematic recalibration: individual-participant meta-analysis of 86 prospective studies.,Lisa Pennells; Stephen Kaptoge; Angela Wood; Mike Sweeting; Xiaohui Zhao,2019,GBR,737,,,,,,,,0,0,0,0,Cohort,50.0,PubMed Abstract
ESC CVD 2021,28,10.1161/JAHA.118.009217,Estimated Life Expectancy Without Recurrent Cardiovascular Events in Patients With Vascular Disease: The SMART‐REACH Model,Lotte Kaasenbrood; Deepak L. Bhatt; Jannick A.N. Dorresteijn; Peter W.F. Wilson; Ralph B. D'Agostino,2018,NLD,6992,72.0,,,,,,,0,0,0,0,Other,50.0,PubMed Abstract
ESC CVD 2021,29,10.1161/CIRCULATIONAHA.116.021314,Distribution of Estimated 10-Year Risk of Recurrent Vascular Events and Residual Risk in a Secondary Prevention Population.,Lotte Kaasenbrood; S. Matthijs Boekholdt; Yolanda van der Graaf; Kausik K. Ray; Ron J.G. Peters,2016,GBR,6904,,,,,,,,0,0,0,0,Other,50.0,PubMed Abstract
ESC CVD 2021,30,10.1056/NEJMoa1709118,Rivaroxaban with or without Aspirin in Stable Cardiovascular Disease.,John W. Eikelboom; Stuart J. Connolly; Jackie Bosch; Gilles R. Dagenais; Robert G. Hart,2017,GBR,27395,,,,,,,,0,0,0,0,Other,50.0,PubMed Abstract
ESC CVD 2021,31,10.1056/NEJMoa1812792,Cardiovascular Risk Reduction with Icosapent Ethyl for Hypertriglyceridemia.,Deepak L. Bhatt; P. Gabriel Steg; Michael Miller; Eliot A. Brinton; Terry A. Jacobson,2019,ITA,8179,,,,,,,,0,0,0,0,Other,50.0,PubMed Abstract
ESC CVD 2021,32,10.1056/NEJMoa2021372,Colchicine in Patients with Chronic Coronary Disease.,Stefan M. Nidorf; Aernoud T.L. Fiolet; Arend Mosterd; John W. Eikelboom; Astrid Schut,2020,FRA,5522,,,,,,,,0,0,0,0,Other,50.0,PubMed Abstract
ESC CVD 2021,33,10.1056/NEJMoa1912388,Efficacy and Safety of Low-Dose Colchicine after Myocardial Infarction.,Jean-Claude Tardif; Simon Kouz; David D. Waters; Olivier F. Bertrand; Rafael Diaz,2019,GBR,4745,,,,,,,,0,0,0,0,RCT / Clinical Trial,50.0,PubMed Abstract
ESC CVD 2021,34,10.1161/CIRCULATIONAHA.118.037885,Age at Diagnosis of Type 2 Diabetes Mellitus and Associations With Cardiovascular and Mortality Risks.,Naveed Sattar; Araz Rawshani; Stefan Franzén; Aidin Rawshani; Ann-Marie Svensson,2019,GBR,318,,,,,,,,0,0,0,0,Other,50.0,PubMed Abstract
ESC CVD 2021,35,10.1161/CIRCOUTCOMES.115.001980,"Development and Validation of a Model to Predict Absolute Vascular Risk Reduction by Moderate-Intensity Statin Therapy in Individual Patients With Type 2 Diabetes Mellitus: The Anglo Scandinavian Cardiac Outcomes Trial, Antihypertensive and Lipid-Lowering Treatment to Prevent Heart Attack Trial, and Collaborative Atorvastatin Diabetes Study.",Lotte Kaasenbrood; Neil R. Poulter; Peter S. Sever; Helen M. Colhoun; Shona J. Livingstone,2016,GBR,3878,,,,,,,,0,0,0,0,RCT / Clinical Trial,50.0,PubMed Abstract
ESC CVD 2021,36,10.1177/1741826710394270,Contemporary model for cardiovascular risk prediction in people with type 2 diabetes.,Andre Pascal Kengne; Anushka Patel; Michel Marre; Florence Travert; Michel Lievre,2011,AUS,7168,,,,,,,,0,0,0,0,Other,50.0,PubMed Abstract
ESC CVD 2021,37,10.1016/S0140-6736(18)31506-X,"Excess mortality and cardiovascular disease in young adults with type 1 diabetes in relation to age at onset: a nationwide, register-based cohort study",Araz Rawshani; Naveed Sattar; Stefan Franzén; Aidin Rawshani; Andrew T Hattersley,2018,SWE,27195,,,,,,,,0,0,0,0,Cohort,50.0,PubMed Abstract
ESC CVD 2021,38,10.1161/CIRCULATIONAHA.118.037454,Relative Prognostic Importance and Optimal Levels of Risk Factors for Mortality and Cardiovascular Outcomes in Type 1 Diabetes Mellitus.,Aidin Rawshani; Araz Rawshani; Naveed Sattar; Stefan Franzén; Darren K. McGuire,2019,SWE,611,,,,,,,,0,0,0,0,Other,50.0,PubMed Abstract
ESC CVD 2021,39,10.1371/journal.pmed.1001321,Risk of Cardiovascular Disease and Total Mortality in Adults with Type 1 Diabetes: Scottish Registry Linkage Study,Shona J. Livingstone; Helen C. Looker; Eleanor J. Hothersall; Sarah H. Wild; Robert S. Lindsay,2012,GBR,8848,,,,,,,,0,0,0,0,Other,50.0,PubMed Abstract
ESC CVD 2021,40,10.1136/bmj.j2099,Development and validation of QRISK3 risk prediction algorithms to estimate future risk of cardiovascular disease: prospective cohort study,Julia Hippisley-Cox; Carol Coupland; Peter Brindle,2017,GBR,8811,90.0,3.0,3.0,77.0,,53.0,,3,1,1,0,Cohort,100.0,PMC Full-text
